[
	{ "unit": "UNIT Z", "area": "D1", "location": "A01", "color": "red" },
	{ "unit": null, "area": "D1", "location": "B01", "color": "green" },
	{ "area": "D1", "location": "C01", "color": "blue" },
	{ "unit": "UNIT Z", "area": "D2", "location": "D01", "color": "cyan" },
	{ "unit": "UNIT Z", "area": "D3", "location": "E01", "color": "gray" },
	{ "unit": "UNIT Z", "area": "D3", "location": "F01", "color": "yellow" },
	{ "unit": "UNIT X", "area": "D3", "location": "G01", "color": "magenta" },
	{ "area": "D4", "location": "H01", "color": "white" }
]